Workbook

Sheet Printed parts
A1: PERIGEE gimbal, printed components (v8, generated from out/manifest.json; fasteners excluded)
A2: Filament density (g/cm3) | B2: 1.07 | C2: Blue cells are inputs (from params.json). Mass = volume x density x factor x qty.
A3: Effective density factor (walls + infill) | B3: 0.45
A5: # | B5: Part | C5: Sub-assembly | D5: Filament / colour | E5: Qty | F5: Solid volume (cm3) | G5: Est. mass (g) | H5: Print size X (mm) | I5: Print size Y (mm) | J5: Print size Z (mm) | K5: Function / notes
A6: 1 | B6: Base_Cup | C6: Pedestal (fixed) | D6: black | E6: 1 | F6: 1174.8 | G6: =F6*$B$2*$B$3*E6 | H6: 236 | I6: 236 | J6: 75 | K6: AZ pedestal. Step at the puck underside (r 84-96) is the greased thrust face; 192 mm bore is the journal. Stingray-4 on four pillars, 4x M4x40 from under the floor. 6x M6 in the foot flange for a mount plate.
A7: 2 | B7: Az_Retainer_Ring | C7: Pedestal (fixed) | D7: black | E7: 1 | F7: 130.8 | G7: =F7*$B$2*$B$3*E7 | H7: 236 | I7: 236 | J7: 8 | K7: Wide flange plate (12x M4x20 + nuts in the pedestal wall) trapping the puck lip: uplift + moment, and the visible AZ seam.
A8: 3 | B8: Arm_R_1 | C8: Head (turns in azimuth) | D8: white | E8: 1 | F8: 149.8 | G8: =F8*$B$2*$B$3*E8 | H8: 180 | I8: 60 | J8: 60 | K8: Lower arm column (R), hollow, cables inside. Feet 4x M4x25 from under the yoke plate into side-loaded nuts; socket for the upper spigot, 2x M4x50 across.
A9: 4 | B9: Arm_R_2 | C9: Head (turns in azimuth) | D9: white | E9: 1 | F9: 519.8 | G9: =F9*$B$2*$B$3*E9 | H9: 250 | I9: 150 | J9: 60 | K9: Upper arm column + lower half of the shoulder drum (R): Stingray-9 pocket from the inner face, open cavity behind the translucent lens; block held by 8x M4 from the drum surface.
A10: 5 | B10: Arm_L_1 | C10: Head (turns in azimuth) | D10: white | E10: 1 | F10: 148.6 | G10: =F10*$B$2*$B$3*E10 | H10: 180 | I10: 60 | J10: 60 | K10: Lower arm column (L), hollow, cables inside. Feet 4x M4x25 from under the yoke plate into side-loaded nuts; socket for the upper spigot, 2x M4x50 across.
A11: 6 | B11: Arm_L_2 | C11: Head (turns in azimuth) | D11: white | E11: 1 | F11: 657.9 | G11: =F11*$B$2*$B$3*E11 | H11: 250 | I11: 150 | J11: 60 | K11: Upper arm column + lower half of the shoulder drum (L): pillow block for the left stub bushing, on-axis encoder cap.
A12: 7 | B12: El_Bearing_Cap_R | C12: Head (turns in azimuth) | D12: white | E12: 1 | F12: 468.6 | G12: =F12*$B$2*$B$3*E12 | H12: 60 | I12: 150 | J12: 75 | K12: Upper half of the shoulder drum, 2x M4x25 into nuts trapped in the lower half; closes the top of the gearbox pocket.
A13: 8 | B13: El_Bearing_Cap_L | C13: Head (turns in azimuth) | D13: white | E13: 1 | F13: 484.6 | G13: =F13*$B$2*$B$3*E13 | H13: 60 | I13: 150 | J13: 75 | K13: Upper half of the shoulder drum, 2x M4x25 into nuts trapped in the lower half; holds the upper bushing half.
A14: 9 | B14: El_Bushing_L_Lower | C14: Head (turns in azimuth) | D14: white | E14: 1 | F14: 5.7 | G14: =F14*$B$2*$B$3*E14 | H14: 40 | I14: 36 | J14: 18 | K14: Half of the split plain bushing (36/30.5 x 40). Grease.
A15: 10 | B15: El_Bushing_L_Upper | C15: Head (turns in azimuth) | D15: white | E15: 1 | F15: 5.7 | G15: =F15*$B$2*$B$3*E15 | H15: 40 | I15: 36 | J15: 18 | K15: Half of the split plain bushing (36/30.5 x 40). Grease.
A16: 11 | B16: El_Axis_Cap_L | C16: Head (turns in azimuth) | D16: grey | E16: 1 | F16: 33.2 | G16: =F16*$B$2*$B$3*E16 | H16: 80 | I16: 80 | J16: 14 | K16: Left axis cap: AS5600 column (2 mm off the stub magnet), translucent window; 4x M3x12 into bore-loaded nuts.
A17: 12 | B17: Status_Window | C17: Head (turns in azimuth) | D17: clear | E17: 1 | F17: 2.4 | G17: =F17*$B$2*$B$3*E17 | H17: 39.4 | I17: 39.4 | J17: 2 | K17: Translucent disc in the left cap.
... A32: 27 | B32: Dish_Adapter_PipeStub | C32: Cradle (turns in elevation) | D32: grey | E32: 1 | F32: 81.4 | G32: =F32*$B$2*$B$3*E32 | H32: 64 | I32: 64 | J32: 108 | K32: Adapter B: 48.3 mm pipe stub. (alternative part, printed only if wanted)
B33: Total | E33: =SUM(E6:E32) | F33: =SUM(F6:F32) | G33: =SUM(G6:G32) | K33: The pipe-stub adapter is an alternative to the slotted plate: print one or the other.
A35: Print size is the bounding box in the orientation used for out/stl (all fit a 256 mm bed). Mass assumes ~45 % effective density; treat as +-30 %.

Sheet Bought components
A1: PERIGEE gimbal, non-printed components (fasteners excluded; those are in out/BOM.md)
A3: # | B3: Component | C3: Sub-assembly | D3: Qty | E3: Part number / spec | F3: Function / notes | G3: Source
A4: 1 | B4: goBILDA Stingray-4 servo gearbox (feedback mode) | C4: Pedestal (fixed) / Head | D4: 1 | E4: 3215-0001-0004; 4:1, 450 deg, 100 kg.cm, 15 rpm, 4.8-8.4 V | F4: Direct azimuth drive under the deck; output standoffs bolt to the puck. Its feedback wire gives the AZ position. | G4: gobilda.com (ordered, order #200045873)
A5: 2 | B5: goBILDA Stingray-9 servo gearbox (feedback mode) | C5: Head / Cradle | D5: 1 | E5: 3215-0001-0009; 9:1, 200 deg, 227 kg.cm, 6.6 rpm, 4.8-8.4 V | F5: Direct elevation drive inside the right shoulder drum; output standoffs bolt to the cradle hub. | G5: gobilda.com (ordered, order #200045873)
A6: 3 | B6: AS5600 magnetic encoder breakout | C6: Head (left axis cap) | D6: 1 | E6: AS5600, 12-bit, I2C | F6: Absolute elevation angle; reads the magnet in the left stub end through the cap column. | G6: generic breakout
A7: 4 | B7: Diametric magnet | C7: Cradle (left stub end) | D7: 1 | E7: 6 x 2.5 mm, diametrically magnetised | F7: Target for the AS5600. | G7: generic
A8: 5 | B8: Arduino Uno | C8: Head (electronics bay) | D8: 1 | E8: Uno R3 or compatible | F8: Closes the position loop: reads Stingray feedback and AS5600, drives both gearboxes (500-2500 us PWM), unwraps azimuth over 450 deg. | G8: generic
A9: 6 | B9: Bluetooth serial module | C9: Head (electronics bay) | D9: 1 | E9: HC-05 or HC-06 | F9: Easycomm II serial link to the PC running Perigee. | G9: generic
A10: 7 | B10: Buck converter | C10: Head (electronics bay) | D10: 1 | E10: 12-24 V in, 5 V out, >= 3 A | F10: Powers the Uno, encoder and Bluetooth module. | G10: generic
A11: 8 | B11: Servo power supply | C11: Pedestal (fixed) | D11: 1 | E11: 7.4 V, >= 10 A | F11: Feeds both Stingrays; runs up to the head through the cable loop. | G11: generic
A12: 9 | B12: Cable service loop | C12: Pedestal / Head | D12: 1 | E12: Flexible multicore, ~1.5 turns of slack | F12: Power and signal across the azimuth joint (450 deg travel, no slip ring). Passes the puck hole into the pedestal annulus. | G12: generic
A13: 10 | B13: Grease | C13: Pedestal / Head | D13: 1 | E13: PTFE or lithium | F13: AZ thrust face and journal, EL bushing halves. | G13: generic
A14: 11 | B14: Dish (reference only) | C14: Cradle | D14: 1 | E14: up to 1 m mesh, ~9 kg | F14: Modelled as a reference paraboloid; mounts on the boom flange with the slotted adapter or the pipe stub. | G14: user supplied
A15: 12 | B15: Counterweight fill | C15: Cradle (canister) | D15: 1 | E15: ~1.3 L of sand, steel shot or lead shot | F15: Balances the dish; steel shot gives ~6 kg. | G15: generic
A16: 13 | B16: Mount plate / mast interface | C16: Pedestal (fixed) | D16: 1 | E16: matches the 6x M6 foot-flange pattern on a 236 mm circle | F16: Whatever the pedestal bolts down to. | G16: user supplied
B17: Total items | D17: =SUM(D4:D16)

Sheet By sub-assembly
A1: Printed parts per sub-assembly
A3: Sub-assembly | B3: Printed parts | C3: Total volume (cm3) | D3: Est. mass (g)
A4: Pedestal (fixed) | B4: =SUMIFS('Printed parts'!$E$6:$E$32,'Printed parts'!$C$6:$C$32,A4) | C4: =SUMIFS('Printed parts'!$F$6:$F$32,'Printed parts'!$C$6:$C$32,A4) | D4: =SUMIFS('Printed parts'!$G$6:$G$32,'Printed parts'!$C$6:$C$32,A4)
A5: Head (turns in azimuth) | B5: =SUMIFS('Printed parts'!$E$6:$E$32,'Printed parts'!$C$6:$C$32,A5) | C5: =SUMIFS('Printed parts'!$F$6:$F$32,'Printed parts'!$C$6:$C$32,A5) | D5: =SUMIFS('Printed parts'!$G$6:$G$32,'Printed parts'!$C$6:$C$32,A5)
A6: Cradle (turns in elevation) | B6: =SUMIFS('Printed parts'!$E$6:$E$32,'Printed parts'!$C$6:$C$32,A6) | C6: =SUMIFS('Printed parts'!$F$6:$F$32,'Printed parts'!$C$6:$C$32,A6) | D6: =SUMIFS('Printed parts'!$G$6:$G$32,'Printed parts'!$C$6:$C$32,A6)
A7: Total | B7: =SUM(B4:B6) | C7: =SUM(C4:C6) | D7: =SUM(D4:D6)
